{"cameraMode":{"drawMode":0,"name":"Shaded","section":"Shading Mode"},"sceneLighting":true,"audioPlay":false,"sceneViewState":{"m_AlwaysRefresh":false,"showFog":true,"showSkybox":true,"showFlares":true,"showImageEffects":true,"showParticleSystems":true,"showVisualEffectGraphs":true,"m_FxEnabled":true},"in2DMode":false,"pivot":{"x":11.795169830322266,"y":5.148613929748535,"z":-15.547531127929688},"rotation":{"x":0.11433075368404389,"y":-0.6732704043388367,"z":0.1065099835395813,"w":0.7227057218551636},"size":1.2247446775436402,"orthographic":true}